# A-route build source lock; Git revisions, immutable raw sources and asset digests.
framework	ZqinKing/wrt_release	main	4bf1cc018f8f1f08a0e1564f1cd16a38ccb004bc
source	LiBwrt/openwrt-6.x	25.12-nss	3a3d0b08595530070ad9cd8a20c0ae4ea3e77f70
feed:nss_packages	qosmio/nss-packages	NSS-12.5-K6.x	0d970dbf0185e3f53709bd803e8a466598023c57
feed:sqm_scripts_nss	qosmio/sqm-scripts-nss	main	4b4ed8639229be5e70cf94b73cdf7dbc09e66d5d
feed:packages	immortalwrt/packages	openwrt-25.12	84bd86384928955b568988ca0e09e2c78c75173d
feed:luci	immortalwrt/luci	openwrt-25.12	d6167ea0645cbd1327708d85f94824f42d0eb872
feed:routing	openwrt/routing	openwrt-25.12	b32747dca62435f1ea01b7a5320c3da15eead46f
feed:telephony	openwrt/telephony	openwrt-25.12	2618106d5846a4a542fdf5809f0d3ed228ce439b
feed:video	openwrt/video	openwrt-25.12	094bf58da6682f895255a35a84349a79dab4bf95
native-feed:openwrt_bandix	timsaya/openwrt-bandix	main	c95b03d40b30c31e89c090aaf134750f05bf3f19
native-feed:luci_app_bandix	timsaya/luci-app-bandix	main	159a6de184b8cbd0694b40f018e737d0a3c82e7e
new-app:openclash	vernesong/OpenClash	master	c3a33c1d3407956fdf8f0e0b7c1a4c52e6ad9593
new-app:aurora-theme	eamonxg/luci-theme-aurora	master	84c27b66952e6fc4be60128067a6b88bfd34afb5
new-app:aurora-config	eamonxg/luci-app-aurora-config	master	a5299ce0144859f47683ec3bc40805bf616f534f
native	kenzok8/small-package	main	d8f141a6c6b8bcb492eff2d9da1aaab73355a252
native	sbwml/luci-app-mosdns	v5	bd40245303cd0ba56804d49eed5dbc4be2a082ca
native	Openwrt-Passwall/openwrt-passwall	main	2d8e8c8144ff7cde3818513478cc644d56c2ecb8
native	nikkinikki-org/OpenWrt-nikki	main	7b203f6c4c5e94c6c0026acb301090aa1d310e7f
native	adminchenyu/eMMC-Health	main	f17cbea85ebcb9071b659ac7bafd2c56a9de7b3c
native	immortalwrt/homeproxy	master	98a6ad9e71484528008ff435694fd107591f3a1d
native	gdy666/luci-app-lucky	main	fb11cf85eaca05aba0827497f72f879ce080774f
native	Openwrt-Passwall/openwrt-passwall-packages	main	eb51f2b201d82fc5682c47bd739a0486d1a89f4e
native	sbwml/packages_lang_golang	26.x	bdad5443d147343ea6e497f91ed8bee0d97f8996
native-fallback	immortalwrt/immortalwrt	master	8735c686ae30fe85d94de97669399c2117179f82
native	NONGFAH/luci-app-athena-led	main	f8eeb3119008ac0e429fc642c125512f9253ec1b
native	sirpdboy/luci-app-timecontrol	main	52b82003a9392fb2692662bb702d5610ce9ec505
native	ZqinKing/openwrt-smartdns	master	cdf0de1d3e64984ea2c56ec873f233495ddb1de0
native	pymumu/luci-app-smartdns	master	581e5e816d92d3a663b1b2e331e3f21685968cf1
native	dl12345/mwan3	openwrt-25.12	cdd4fc56f4de9ccf56d40d6dc04a5b6a4e5a0ae6
native	dl12345/luci-app-mwan3	openwrt-25.12	1e8513a69cff32da3dd82c342151cdb4a991c2b7
native	lisaac/luci-app-diskman	master	c20df1d4f40d86e32fd919f33122b2a48f8a99b4
native	lisaac/luci-lib-docker	master	98a663449208b65e68702ad0f3ad61c536bfa40c
native	lisaac/luci-app-dockerman	master	6fd9937954e0b080bf07967182d714ea21fe7eb1
native	sbwml/luci-app-quickfile	main	10ee0340b4f70bd6e697500683813e788fc54eb7
native	ZqinKing/luci-theme-argon	master	2236ada656a1635879ca7db105736952a7382ba8
native	ZqinKing/luci-app-adguardhome	main	36108202f326f65ab6f5a85d15adcba6538f8e8b
native-raw:ath11k-Makefile	VIKINGYFY/immortalwrt	main	0fb9b10cb9df51fb076470e1dd93d1c30dd89d83
binary:mihomo	MetaCubeX/mihomo	https://github.com/MetaCubeX/mihomo/releases/download/v1.19.32/mihomo-linux-arm64-v1.19.32.gz	9dd862e28b46ff7d775f169cceebc28deccaa0a9e804237d421cd2571e0caba0
raw	ath11k-Makefile	https://raw.githubusercontent.com/VIKINGYFY/immortalwrt/0fb9b10cb9df51fb076470e1dd93d1c30dd89d83/package/firmware/ath11k-firmware/Makefile	7cd7f6f77c9c8689e61d78a459545ad03a7f83224820155c0d4e5e88e31d47f8
raw	tcping-Makefile	https://raw.githubusercontent.com/Openwrt-Passwall/openwrt-passwall-packages/eb51f2b201d82fc5682c47bd739a0486d1a89f4e/tcping/Makefile	75be118f0f9867a323a69037095dc7f323e601b88877fc16307499322e5477ad
raw	quickstart-compat	https://gist.githubusercontent.com/puteulanus/1c180fae6bccd25e57eb6d30b7aa28aa/raw/5582185bf6654f1ee858729e0c4746cdc926cf1d/istore_backend.lua	5eb5e0524a42b62895ee8163d50bf1d78999db7c1321646fdcca3c99c26249e2
data-digest	geoip-original	https://github.com/v2fly/geoip/releases/download/202609050329/geoip.dat.sha256sum	1cba1f0982cf62502fa079c66047c3d0c608196da5b3305671e68f60e917a482
data-digest	geoip-cn-private	https://github.com/v2fly/geoip/releases/download/202609050329/geoip-only-cn-private.dat.sha256sum	bc7297903da14f6d725caafbf903e5a90026b9368f3d9f9ddbc7fd6f6dd1f1b0
